"","id","index","period","timestamp","minute","second","possession","duration","related_events","location","under_pressure","counterpress","type.id","type.name","possession_team.id","possession_team.name","play_pattern.id","play_pattern.name","team.id","team.name","tactics.formation","tactics.lineup","player.id","player.name","position.id","position.name","pass.length","pass.angle","pass.end_location","pass.switch","pass.cross","pass.assisted_shot_id","pass.shot_assist","pass.aerial_won","pass.deflected","pass.backheel","pass.through_ball","pass.cut_back","pass.goal_assist","pass.recipient.id","pass.recipient.name","pass.height.id","pass.height.name","pass.body_part.id","pass.body_part.name","pass.type.id","pass.type.name","pass.outcome.id","pass.outcome.name","pass.technique.id","pass.technique.name","carry.end_location","ball_receipt.outcome.id","ball_receipt.outcome.name","interception.outcome.id","interception.outcome.name","duel.outcome.id","duel.outcome.name","duel.type.id","duel.type.name","shot.statsbomb_xg","shot.end_location","shot.key_pass_id","shot.freeze_frame","shot.first_time","shot.aerial_won","shot.type.id","shot.type.name","shot.body_part.id","shot.body_part.name","shot.technique.id","shot.technique.name","shot.outcome.id","shot.outcome.name","goalkeeper.end_location","goalkeeper.outcome.id","goalkeeper.outcome.name","goalkeeper.technique.id","goalkeeper.technique.name","goalkeeper.type.id","goalkeeper.type.name","goalkeeper.position.id","goalkeeper.position.name","goalkeeper.body_part.id","goalkeeper.body_part.name","foul_won.defensive","foul_won.penalty","foul_won.advantage","dribble.overrun","dribble.outcome.id","dribble.outcome.name","substitution.outcome.id","substitution.outcome.name","substitution.replacement.id","substitution.replacement.name","block.deflection","block.save_block","clearance.aerial_won","foul_committed.offensive","foul_committed.penalty","foul_committed.advantage","foul_committed.type.id","foul_committed.type.name","foul_committed.card.id","foul_committed.card.name","injury_stoppage.in_chain","ball_recovery.recovery_failure","ball_recovery.offensive","match_id","competition_id","season_id","shot.open_goal","shot.one_on_one","miscontrol.aerial_won","block.offensive","bad_behaviour.card.id","bad_behaviour.card.name","dribble.nutmeg","50_50.outcome.id","50_50.outcome.name","shot.follows_dribble","shot.deflected","shot.redirect","off_camera","out","pass.no_touch","pass.outswinging","pass.inswinging","pass.miscommunication","clearance.head","clearance.left_foot","clearance.right_foot","clearance.body_part.id","clearance.body_part.name","shot.saved_off_target","goalkeeper.punched_out","goalkeeper.shot_saved_off_target","player_off.permanent","shot.saved_to_post","goalkeeper.shot_saved_to_post","goalkeeper.penalty_saved_to_post","dribble.no_touch","pass.straight","clearance.other","location.x","location.y","carry.end_location.x","carry.end_location.y","pass.end_location.x","pass.end_location.y","shot.end_location.x","shot.end_location.y","shot.end_location.z","shot_impact_height","player.name.GK","player.id.GK","location.x.GK","location.y.GK","DistToGoal","DistToKeeper","AngleToGoal","AngleToKeeper","AngleDeviation","avevelocity","DistSGK","density","density.incone","distance.ToD1","distance.ToD2","AttackersBehindBall","DefendersBehindBall","DefendersInCone","InCone.GK","DefArea","distance.ToD1.360","distance.ToD2.360","milliseconds","ElapsedTime","StartOfPossession","TimeInPoss","TimeToPossEnd"
"1","df0be275-341c-493b-9bb6-0d8678529d40","15","1","00:00:11.160","0","11","2","1.439","9b066036-0d8d-4aef-9956-acaa4e1fcc5a","c(65, 75)","NA","NA","30","Pass","768","England","9","From Kick Off","768","England","NA","NULL","3664","Trent Alexander-Arnold","12","Right Midfield","26.400757","-2.0005586","c(54, 51)","NA","NA",NA,"NA","NA","NA","NA","NA","NA","NA","3244","John Stones","1","Ground Pass","40","Right Foot","NA",NA,"NA",NA,"NA",NA,"NULL","NA",NA,"NA",NA,"NA",NA,"NA",NA,"NA","NULL",NA,"NULL","NA","NA","NA",NA,"NA",NA,"NA",NA,"NA",NA,"NULL","NA",NA,"NA",NA,"NA",NA,"NA",NA,"NA",NA,"NA","NA","NA","NA","NA",NA,"NA",NA,"NA",NA,"NA","NA","NA","NA","NA","NA","NA",NA,"NA",NA,"NA","NA","NA","7570","43","3","NA","NA","NA","NA","NA",NA,"NA","NA",NA,"NA","NA","NA","NA","NA","NA","NA","NA","NA","NA","NA","NA","NA",NA,"NA","NA","NA","NA","NA","NA","NA","NA","NA","NA","65","75","NA","NA","54","51","NA","NA","NA","NA",NA,"NA","NA","NA","NA","NA","NA","NA","NA","NA","NA","NA","NA","NA","NA","NA","NA","NA","NA","NA","NA","NA","160","11.16","0.92","10.24","28.639"
"2","b0b5381d-bada-464f-81c7-0c8d971b3f0c","110","1","00:02:17.520","2","17","8","1.479","b97bd97f-c92f-40ac-a31f-ca32ae6cfdde","c(33, 77)","NA","NA","30","Pass","768","England","1","Regular Play","768","England","NA","NULL","3664","Trent Alexander-Arnold","12","Right Midfield","15.264338","-2.5899377","c(20, 69)","NA","NA",NA,"NA","NA","NA","NA","NA","NA","NA","3314","Phil Jones","1","Ground Pass","40","Right Foot","NA",NA,"NA",NA,"NA",NA,"NULL","NA",NA,"NA",NA,"NA",NA,"NA",NA,"NA","NULL",NA,"NULL","NA","NA","NA",NA,"NA",NA,"NA",NA,"NA",NA,"NULL","NA",NA,"NA",NA,"NA",NA,"NA",NA,"NA",NA,"NA","NA","NA","NA","NA",NA,"NA",NA,"NA",NA,"NA","NA","NA","NA","NA","NA","NA",NA,"NA",NA,"NA","NA","NA","7570","43","3","NA","NA","NA","NA","NA",NA,"NA","NA",NA,"NA","NA","NA","NA","NA","NA","NA","NA","NA","NA","NA","NA","NA",NA,"NA","NA","NA","NA","NA","NA","NA","NA","NA","NA","33","77","NA","NA","20","69","NA","NA","NA","NA",NA,"NA","NA","NA","NA","NA","NA","NA","NA","NA","NA","NA","NA","NA","NA","NA","NA","NA","NA","NA","NA","NA","520","137.52","126.519","11.001","7.63999999999999"
"3","55be2a67-ca1e-4cae-8dc4-cb3063ee4c39","152","1","00:02:57.040","2","57","10","1.16","c(""1c7f851f-2b81-43a1-be18-1e585824a596"", ""ec222116-8e65-4c27-9ca8-9fc9cd941820"")","c(34, 77)","TRUE","NA","30","Pass","768","England","1","Regular Play","768","England","NA","NULL","3664","Trent Alexander-Arnold","12","Right Midfield","24","-1.5707964","c(34, 53)","NA","NA",NA,"NA","NA","NA","NA","NA","NA","NA","3244","John Stones","1","Ground Pass","40","Right Foot","NA",NA,"NA",NA,"NA",NA,"NULL","NA",NA,"NA",NA,"NA",NA,"NA",NA,"NA","NULL",NA,"NULL","NA","NA","NA",NA,"NA",NA,"NA",NA,"NA",NA,"NULL","NA",NA,"NA",NA,"NA",NA,"NA",NA,"NA",NA,"NA","NA","NA","NA","NA",NA,"NA",NA,"NA",NA,"NA","NA","NA","NA","NA","NA","NA",NA,"NA",NA,"NA","NA","NA","7570","43","3","NA","NA","NA","NA","NA",NA,"NA","NA",NA,"NA","NA","NA","NA","NA","NA","NA","NA","NA","NA","NA","NA","NA",NA,"NA","NA","NA","NA","NA","NA","NA","NA","NA","NA","34","77","NA","NA","34","53","NA","NA","NA","NA",NA,"NA","NA","NA","NA","NA","NA","NA","NA","NA","NA","NA","NA","NA","NA","NA","NA","NA","NA","NA","NA","NA","40","177.04","166.72","10.32","15.64"
"4","93d80f8d-b66d-41b5-ac01-059731d2c663","185","1","00:03:43.880","3","43","11","1.239","adc76ff4-c213-451c-9277-17abdd6ff0de","c(70, 70)","NA","NA","30","Pass","768","England","4","From Throw In","768","England","NA","NULL","3664","Trent Alexander-Arnold","12","Right Midfield","19.235384","-1.4141945","c(73, 51)","NA","NA",NA,"NA","NA","NA","NA","NA","NA","NA","10956","Eric Dier","1","Ground Pass","40","Right Foot","NA",NA,"NA",NA,"NA",NA,"NULL","NA",NA,"NA",NA,"NA",NA,"NA",NA,"NA","NULL",NA,"NULL","NA","NA","NA",NA,"NA",NA,"NA",NA,"NA",NA,"NULL","NA",NA,"NA",NA,"NA",NA,"NA",NA,"NA",NA,"NA","NA","NA","NA","NA",NA,"NA",NA,"NA",NA,"NA","NA","NA","NA","NA","NA","NA",NA,"NA",NA,"NA","NA","NA","7570","43","3","NA","NA","NA","NA","NA",NA,"NA","NA",NA,"NA","NA","NA","NA","NA","NA","NA","NA","NA","NA","NA","NA","NA",NA,"NA","NA","NA","NA","NA","NA","NA","NA","NA","NA","70","70","NA","NA","73","51","NA","NA","NA","NA",NA,"NA","NA","NA","NA","NA","NA","NA","NA","NA","NA","NA","NA","NA","NA","NA","NA","NA","NA","NA","NA","NA","880","223.88","212.88","11","12"
"5","4e791932-9c89-47b4-afeb-bcf4b642335c","284","1","00:05:28.600","5","28","14","0.799","f950b162-75ee-4691-a1c1-f955b4251323","c(28, 77)","NA","NA","30","Pass","768","England","1","Regular Play","768","England","NA","NULL","3664","Trent Alexander-Arnold","12","Right Midfield","11.661903","-1.0303768","c(34, 67)","NA","NA",NA,"NA","NA","NA","NA","NA","NA","NA","10956","Eric Dier","1","Ground Pass","40","Right Foot","NA",NA,"NA",NA,"NA",NA,"NULL","NA",NA,"NA",NA,"NA",NA,"NA",NA,"NA","NULL",NA,"NULL","NA","NA","NA",NA,"NA",NA,"NA",NA,"NA",NA,"NULL","NA",NA,"NA",NA,"NA",NA,"NA",NA,"NA",NA,"NA","NA","NA","NA","NA",NA,"NA",NA,"NA",NA,"NA","NA","NA","NA","NA","NA","NA",NA,"NA",NA,"NA","NA","NA","7570","43","3","NA","NA","NA","NA","NA",NA,"NA","NA",NA,"NA","NA","NA","NA","NA","NA","NA","NA","NA","NA","NA","NA","NA",NA,"NA","NA","NA","NA","NA","NA","NA","NA","NA","NA","28","77","NA","NA","34","67","NA","NA","NA","NA",NA,"NA","NA","NA","NA","NA","NA","NA","NA","NA","NA","NA","NA","NA","NA","NA","NA","NA","NA","NA","NA","NA","600","328.6","323.987","4.613","2.23999999999995"
"6","7d21c495-f115-4bd8-b441-4a373d0b2b64","310","1","00:06:12.000","6","12","17","1.64","be5fe269-94eb-4bc1-b8e2-eaf66fa42e6f","c(70, 79)","NA","NA","30","Pass","768","England","4","From Throw In","768","England","NA","NULL","3664","Trent Alexander-Arnold","12","Right Midfield","29.427877","-2.9708574","c(41, 74)","NA","NA",NA,"NA","NA","NA","NA","NA","NA","NA","3314","Phil Jones","2","Low Pass","NA",NA,"67","Throw-in","NA",NA,"NA",NA,"NULL","NA",NA,"NA",NA,"NA",NA,"NA",NA,"NA","NULL",NA,"NULL","NA","NA","NA",NA,"NA",NA,"NA",NA,"NA",NA,"NULL","NA",NA,"NA",NA,"NA",NA,"NA",NA,"NA",NA,"NA","NA","NA","NA","NA",NA,"NA",NA,"NA",NA,"NA","NA","NA","NA","NA","NA","NA",NA,"NA",NA,"NA","NA","NA","7570","43","3","NA","NA","NA","NA","NA",NA,"NA","NA",NA,"NA","NA","NA","NA","NA","NA","NA","NA","NA","NA","NA","NA","NA",NA,"NA","NA","NA","NA","NA","NA","NA","NA","NA","NA","70","79","NA","NA","41","74","NA","NA","NA","NA",NA,"NA","NA","NA","NA","NA","NA","NA","NA","NA","NA","NA","NA","NA","NA","NA","NA","NA","NA","NA","NA","NA","0","372","372","0","20"
"7","bdee6379-1960-46da-b149-73cd4180a313","393","1","00:08:21.480","8","21","23","1","7dc6fecd-7675-4c97-85a4-b61cf66cba40","c(31, 76)","NA","NA","30","Pass","768","England","1","Regular Play","768","England","NA","NULL","3664","Trent Alexander-Arnold","12","Right Midfield","17.720045","-1.2847449","c(36, 59)","NA","NA",NA,"NA","NA","NA","NA","NA","NA","NA","10956","Eric Dier","1","Ground Pass","40","Right Foot","NA",NA,"NA",NA,"NA",NA,"NULL","NA",NA,"NA",NA,"NA",NA,"NA",NA,"NA","NULL",NA,"NULL","NA","NA","NA",NA,"NA",NA,"NA",NA,"NA",NA,"NULL","NA",NA,"NA",NA,"NA",NA,"NA",NA,"NA",NA,"NA","NA","NA","NA","NA",NA,"NA",NA,"NA",NA,"NA","NA","NA","NA","NA","NA","NA",NA,"NA",NA,"NA","NA","NA","7570","43","3","NA","NA","NA","NA","NA",NA,"NA","NA",NA,"NA","NA","NA","NA","NA","NA","NA","NA","NA","NA","NA","NA","NA",NA,"NA","NA","NA","NA","NA","NA","NA","NA","NA","NA","31","76","NA","NA","36","59","NA","NA","NA","NA",NA,"NA","NA","NA","NA","NA","NA","NA","NA","NA","NA","NA","NA","NA","NA","NA","NA","NA","NA","NA","NA","NA","480","501.48","472.32","29.16","12.24"
"8","87577f78-0374-4dad-9726-668eaadc24e7","486","1","00:10:10.040","10","10","26","0.8","c8a55dcb-e9f4-45cb-a22b-c78905f831a6","c(58, 61)","NA","NA","30","Pass","768","England","1","Regular Play","768","England","NA","NULL","3664","Trent Alexander-Arnold","12","Right Midfield","14.3178215","-0.21109334","c(72, 58)","NA","NA",NA,"NA","NA","NA","NA","NA","NA","NA","3504","Ruben Loftus-Cheek","1","Ground Pass","40","Right Foot","NA",NA,"NA",NA,"NA",NA,"NULL","NA",NA,"NA",NA,"NA",NA,"NA",NA,"NA","NULL",NA,"NULL","NA","NA","NA",NA,"NA",NA,"NA",NA,"NA",NA,"NULL","NA",NA,"NA",NA,"NA",NA,"NA",NA,"NA",NA,"NA","NA","NA","NA","NA",NA,"NA",NA,"NA",NA,"NA","NA","NA","NA","NA","NA","NA",NA,"NA",NA,"NA","NA","NA","7570","43","3","NA","NA","NA","NA","NA",NA,"NA","NA",NA,"NA","NA","NA","NA","NA","NA","NA","NA","NA","NA","NA","NA","NA",NA,"NA","NA","NA","NA","NA","NA","NA","NA","NA","NA","58","61","NA","NA","72","58","NA","NA","NA","NA",NA,"NA","NA","NA","NA","NA","NA","NA","NA","NA","NA","NA","NA","NA","NA","NA","NA","NA","NA","NA","NA","NA","40","610.04","600.84","9.19999999999993","21.88"
"9","5292a722-5a97-4241-9dee-56f18849449a","492","1","00:10:13.240","10","13","26","0.879","431fb02e-2c20-468f-970f-4d4ea6fbe9c2","c(67, 62)","NA","NA","30","Pass","768","England","1","Regular Play","768","England","NA","NULL","3664","Trent Alexander-Arnold","12","Right Midfield","5.0990195","-1.7681919","c(66, 57)","NA","NA",NA,"NA","NA","NA","NA","NA","NA","NA","3318","Marcus Rashford","1","Ground Pass","40","Right Foot","NA",NA,"NA",NA,"NA",NA,"NULL","NA",NA,"NA",NA,"NA",NA,"NA",NA,"NA","NULL",NA,"NULL","NA","NA","NA",NA,"NA",NA,"NA",NA,"NA",NA,"NULL","NA",NA,"NA",NA,"NA",NA,"NA",NA,"NA",NA,"NA","NA","NA","NA","NA",NA,"NA",NA,"NA",NA,"NA","NA","NA","NA","NA","NA","NA",NA,"NA",NA,"NA","NA","NA","7570","43","3","NA","NA","NA","NA","NA",NA,"NA","NA",NA,"NA","NA","NA","NA","NA","NA","NA","NA","NA","NA","NA","NA","NA",NA,"NA","NA","NA","NA","NA","NA","NA","NA","NA","NA","67","62","NA","NA","66","57","NA","NA","NA","NA",NA,"NA","NA","NA","NA","NA","NA","NA","NA","NA","NA","NA","NA","NA","NA","NA","NA","NA","NA","NA","NA","NA","240","613.24","600.84","12.4","18.6799999999999"
"10","1c7077e7-6d6c-4acd-b960-f903dd1ea1de","584","1","00:13:03.320","13","3","30","0.959","5af927e4-917e-441c-baa7-74aaaea67e71","c(116, 68)","NA","NA","30","Pass","768","England","1","Regular Play","768","England","NA","NULL","3664","Trent Alexander-Arnold","12","Right Midfield","25.317978","-1.7294515","c(112, 43)","NA","TRUE","2f9828cb-a601-4020-9d25-2555e4515759","TRUE","NA","NA","NA","NA","NA","NA","10960","Jamie Vardy","3","High Pass","40","Right Foot","NA",NA,"NA",NA,"NA",NA,"NULL","NA",NA,"NA",NA,"NA",NA,"NA",NA,"NA","NULL",NA,"NULL","NA","NA","NA",NA,"NA",NA,"NA",NA,"NA",NA,"NULL","NA",NA,"NA",NA,"NA",NA,"NA",NA,"NA",NA,"NA","NA","NA","NA","NA",NA,"NA",NA,"NA",NA,"NA","NA","NA","NA","NA","NA","NA",NA,"NA",NA,"NA","NA","NA","7570","43","3","NA","NA","NA","NA","NA",NA,"NA","NA",NA,"NA","NA","NA","NA","NA","NA","NA","NA","NA","NA","NA","NA","NA",NA,"NA","NA","NA","NA","NA","NA","NA","NA","NA","NA","116","68","NA","NA","112","43","NA","NA","NA","NA",NA,"NA","NA","NA","NA","NA","NA","NA","NA","NA","NA","NA","NA","NA","NA","NA","NA","NA","NA","NA","NA","NA","320","783.32","743.92","39.4000000000001","3.15999999999997"
"11","1158cbb7-bde7-432f-a464-5b02668c6163","610","1","00:13:50.520","13","50","32","1.32","d9bef6c4-1ecd-4536-ac9e-fa0814a2acb7","c(36, 71)","NA","NA","30","Pass","768","England","1","Regular Play","768","England","NA","NULL","3664","Trent Alexander-Arnold","12","Right Midfield","28.442924","-1.7475052","c(31, 43)","NA","NA",NA,"NA","NA","NA","NA","NA","NA","NA","3244","John Stones","1","Ground Pass","40","Right Foot","NA",NA,"NA",NA,"NA",NA,"NULL","NA",NA,"NA",NA,"NA",NA,"NA",NA,"NA","NULL",NA,"NULL","NA","NA","NA",NA,"NA",NA,"NA",NA,"NA",NA,"NULL","NA",NA,"NA",NA,"NA",NA,"NA",NA,"NA",NA,"NA","NA","NA","NA","NA",NA,"NA",NA,"NA",NA,"NA","NA","NA","NA","NA","NA","NA",NA,"NA",NA,"NA","NA","NA","7570","43","3","NA","NA","NA","NA","NA",NA,"NA","NA",NA,"NA","NA","NA","NA","NA","NA","NA","NA","NA","NA","NA","NA","NA",NA,"NA","NA","NA","NA","NA","NA","NA","NA","NA","NA","36","71","NA","NA","31","43","NA","NA","NA","NA",NA,"NA","NA","NA","NA","NA","NA","NA","NA","NA","NA","NA","NA","NA","NA","NA","NA","NA","NA","NA","NA","NA","520","830.52","818.24","12.28","15.8000000000001"
"12","b38b468d-c11e-47cf-ba2d-e9ed46671866","695","1","00:15:08.680","15","8","36","2.28","c(""c18ddc1b-0ae6-4848-9216-8de0ce424956"", ""f58649a2-77ac-4dc6-912e-4cbaf3d5f21d"")","c(32, 58)","NA","NA","30","Pass","768","England","1","Regular Play","768","England","NA","NULL","3664","Trent Alexander-Arnold","12","Right Midfield","26.076809","-2.5748634","c(10, 44)","NA","NA",NA,"NA","NA","NA","NA","NA","NA","NA","3468","Jordan Pickford","3","High Pass","37","Head","66","Recovery","NA",NA,"NA",NA,"NULL","NA",NA,"NA",NA,"NA",NA,"NA",NA,"NA","NULL",NA,"NULL","NA","NA","NA",NA,"NA",NA,"NA",NA,"NA",NA,"NULL","NA",NA,"NA",NA,"NA",NA,"NA",NA,"NA",NA,"NA","NA","NA","NA","NA",NA,"NA",NA,"NA",NA,"NA","NA","NA","NA","NA","NA","NA",NA,"NA",NA,"NA","NA","NA","7570","43","3","NA","NA","NA","NA","NA",NA,"NA","NA",NA,"NA","NA","NA","NA","NA","NA","NA","NA","NA","NA","NA","NA","NA",NA,"NA","NA","NA","NA","NA","NA","NA","NA","NA","NA","32","58","NA","NA","10","44","NA","NA","NA","NA",NA,"NA","NA","NA","NA","NA","NA","NA","NA","NA","NA","NA","NA","NA","NA","NA","NA","NA","NA","NA","NA","NA","680","908.68","908.68","0","30.12"
"13","101e3ac9-2450-4f2b-ae8b-180190366e22","712","1","00:15:24.560","15","24","36","2.159","227768e9-a5cf-4bc6-83d5-e22c96930a87","c(33, 76)","NA","NA","30","Pass","768","England","1","Regular Play","768","England","NA","NULL","3664","Trent Alexander-Arnold","12","Right Midfield","35.510563","-1.7405746","c(27, 41)","NA","NA",NA,"NA","NA","NA","NA","NA","NA","NA","3244","John Stones","1","Ground Pass","40","Right Foot","NA",NA,"NA",NA,"NA",NA,"NULL","NA",NA,"NA",NA,"NA",NA,"NA",NA,"NA","NULL",NA,"NULL","NA","NA","NA",NA,"NA",NA,"NA",NA,"NA",NA,"NULL","NA",NA,"NA",NA,"NA",NA,"NA",NA,"NA",NA,"NA","NA","NA","NA","NA",NA,"NA",NA,"NA",NA,"NA","NA","NA","NA","NA","NA","NA",NA,"NA",NA,"NA","NA","NA","7570","43","3","NA","NA","NA","NA","NA",NA,"NA","NA",NA,"NA","NA","NA","NA","NA","NA","NA","NA","NA","NA","NA","NA","NA",NA,"NA","NA","NA","NA","NA","NA","NA","NA","NA","NA","33","76","NA","NA","27","41","NA","NA","NA","NA",NA,"NA","NA","NA","NA","NA","NA","NA","NA","NA","NA","NA","NA","NA","NA","NA","NA","NA","NA","NA","NA","NA","560","924.56","908.68","15.88","14.24"
"14","30ebea54-0390-4ccb-88d8-e6f94ca589de","753","1","00:15:56.600","15","56","38","0.72","0c107af1-f7aa-45ec-95f6-2a6a5d9609c4","c(51, 64)","NA","NA","30","Pass","768","England","1","Regular Play","768","England","NA","NULL","3664","Trent Alexander-Arnold","12","Right Midfield","5.656854","-0.7853982","c(55, 60)","NA","NA",NA,"NA","NA","NA","NA","NA","NA","NA","10956","Eric Dier","1","Ground Pass","40","Right Foot","NA",NA,"NA",NA,"NA",NA,"NULL","NA",NA,"NA",NA,"NA",NA,"NA",NA,"NA","NULL",NA,"NULL","NA","NA","NA",NA,"NA",NA,"NA",NA,"NA",NA,"NULL","NA",NA,"NA",NA,"NA",NA,"NA",NA,"NA",NA,"NA","NA","NA","NA","NA",NA,"NA",NA,"NA",NA,"NA","NA","NA","NA","NA","NA","NA",NA,"NA",NA,"NA","NA","NA","7570","43","3","NA","NA","NA","NA","NA",NA,"NA","NA",NA,"NA","NA","NA","NA","NA","NA","NA","NA","NA","NA","NA","NA","NA",NA,"NA","NA","NA","NA","NA","NA","NA","NA","NA","NA","51","64","NA","NA","55","60","NA","NA","NA","NA",NA,"NA","NA","NA","NA","NA","NA","NA","NA","NA","NA","NA","NA","NA","NA","NA","NA","NA","NA","NA","NA","NA","600","956.6","954.24","2.36000000000001","19.8"
"15","6ab57e39-46fb-4109-aeff-7e7da6889238","836","1","00:17:56.587","17","56","42","1.213","f75a1a99-6731-46a9-b7de-db7a67ea6f3f","c(64, 63)","NA","NA","30","Pass","768","England","3","From Free Kick","768","England","NA","NULL","3664","Trent Alexander-Arnold","12","Right Midfield","11.7046995","-2.7928216","c(53, 59)","NA","NA",NA,"NA","NA","NA","NA","NA","NA","NA","3314","Phil Jones","1","Ground Pass","40","Right Foot","62","Free Kick","NA",NA,"NA",NA,"NULL","NA",NA,"NA",NA,"NA",NA,"NA",NA,"NA","NULL",NA,"NULL","NA","NA","NA",NA,"NA",NA,"NA",NA,"NA",NA,"NULL","NA",NA,"NA",NA,"NA",NA,"NA",NA,"NA",NA,"NA","NA","NA","NA","NA",NA,"NA",NA,"NA",NA,"NA","NA","NA","NA","NA","NA","NA",NA,"NA",NA,"NA","NA","NA","7570","43","3","NA","NA","NA","NA","NA",NA,"NA","NA",NA,"NA","NA","NA","NA","NA","NA","NA","NA","NA","NA","NA","NA","NA",NA,"NA","NA","NA","NA","NA","NA","NA","NA","NA","NA","64","63","NA","NA","53","59","NA","NA","NA","NA",NA,"NA","NA","NA","NA","NA","NA","NA","NA","NA","NA","NA","NA","NA","NA","NA","NA","NA","NA","NA","NA","NA","587","1076.587","1076.587","0","49.6130000000001"
"16","ec5e83fc-a903-46c1-bd56-9926cbead681","845","1","00:18:05.920","18","5","42","1.159","5140ccf2-5e72-4154-a4f2-722a02f909e5","c(72, 70)","NA","NA","30","Pass","768","England","3","From Free Kick","768","England","NA","NULL","3664","Trent Alexander-Arnold","12","Right Midfield","14.142136","-2.3561945","c(62, 60)","NA","NA",NA,"NA","NA","NA","NA","NA","NA","NA","3314","Phil Jones","1","Ground Pass","40","Right Foot","NA",NA,"NA",NA,"NA",NA,"NULL","NA",NA,"NA",NA,"NA",NA,"NA",NA,"NA","NULL",NA,"NULL","NA","NA","NA",NA,"NA",NA,"NA",NA,"NA",NA,"NULL","NA",NA,"NA",NA,"NA",NA,"NA",NA,"NA",NA,"NA","NA","NA","NA","NA",NA,"NA",NA,"NA",NA,"NA","NA","NA","NA","NA","NA","NA",NA,"NA",NA,"NA","NA","NA","7570","43","3","NA","NA","NA","NA","NA",NA,"NA","NA",NA,"NA","NA","NA","NA","NA","NA","NA","NA","NA","NA","NA","NA","NA",NA,"NA","NA","NA","NA","NA","NA","NA","NA","NA","NA","72","70","NA","NA","62","60","NA","NA","NA","NA",NA,"NA","NA","NA","NA","NA","NA","NA","NA","NA","NA","NA","NA","NA","NA","NA","NA","NA","NA","NA","NA","NA","920","1085.92","1076.587","9.33300000000008","40.28"
"17","88d20153-47f1-45c8-808e-9938e63f4e58","872","1","00:18:26.559","18","26","42","1.16","2ba93fc6-8cca-4bf3-af8e-157a57193152","c(85, 76)","NA","NA","30","Pass","768","England","3","From Free Kick","768","England","NA","NULL","3664","Trent Alexander-Arnold","12","Right Midfield","21.260292","-2.2896264","c(71, 60)","NA","NA",NA,"NA","NA","NA","NA","NA","NA","NA","3314","Phil Jones","1","Ground Pass","40","Right Foot","NA",NA,"NA",NA,"NA",NA,"NULL","NA",NA,"NA",NA,"NA",NA,"NA",NA,"NA","NULL",NA,"NULL","NA","NA","NA",NA,"NA",NA,"NA",NA,"NA",NA,"NULL","NA",NA,"NA",NA,"NA",NA,"NA",NA,"NA",NA,"NA","NA","NA","NA","NA",NA,"NA",NA,"NA",NA,"NA","NA","NA","NA","NA","NA","NA",NA,"NA",NA,"NA","NA","NA","7570","43","3","NA","NA","NA","NA","NA",NA,"NA","NA",NA,"NA","NA","NA","NA","NA","NA","NA","NA","NA","NA","NA","NA","NA",NA,"NA","NA","NA","NA","NA","NA","NA","NA","NA","NA","85","76","NA","NA","71","60","NA","NA","NA","NA",NA,"NA","NA","NA","NA","NA","NA","NA","NA","NA","NA","NA","NA","NA","NA","NA","NA","NA","NA","NA","NA","NA","559","1106.559","1076.587","29.972","19.6410000000001"
"18","a8110af3-4e36-4930-98c5-4e724cc5b4d2","1319","1","00:28:45.320","28","45","60","1.24","d32da05f-d0b7-428f-9c62-324293380192","c(81, 78)","NA","NA","30","Pass","768","England","1","Regular Play","768","England","NA","NULL","3664","Trent Alexander-Arnold","12","Right Midfield","23.43075","-2.2655346","c(66, 60)","NA","NA",NA,"NA","NA","NA","NA","NA","NA","NA","3504","Ruben Loftus-Cheek","1","Ground Pass","40","Right Foot","NA",NA,"NA",NA,"NA",NA,"NULL","NA",NA,"NA",NA,"NA",NA,"NA",NA,"NA","NULL",NA,"NULL","NA","NA","NA",NA,"NA",NA,"NA",NA,"NA",NA,"NULL","NA",NA,"NA",NA,"NA",NA,"NA",NA,"NA",NA,"NA","NA","NA","NA","NA",NA,"NA",NA,"NA",NA,"NA","NA","NA","NA","NA","NA","NA",NA,"NA",NA,"NA","NA","NA","7570","43","3","NA","NA","NA","NA","NA",NA,"NA","NA",NA,"NA","NA","NA","NA","NA","NA","NA","NA","NA","NA","NA","NA","NA",NA,"NA","NA","NA","NA","NA","NA","NA","NA","NA","NA","81","78","NA","NA","66","60","NA","NA","NA","NA",NA,"NA","NA","NA","NA","NA","NA","NA","NA","NA","NA","NA","NA","NA","NA","NA","NA","NA","NA","NA","NA","NA","320","1725.32","1712.04","13.28","8.32000000000016"
"19","c5c69945-da55-4467-8605-1767811ae7c2","1380","1","00:29:44.360","29","44","61","0.64","b40f89e5-4741-4e79-ace8-209c57366592","c(87, 77)","NA","NA","30","Pass","768","England","4","From Throw In","768","England","NA","NULL","3664","Trent Alexander-Arnold","12","Right Midfield","9.486833","-1.2490457","c(90, 68)","NA","NA",NA,"NA","NA","NA","NA","NA","NA","NA","3318","Marcus Rashford","1","Ground Pass","40","Right Foot","NA",NA,"NA",NA,"NA",NA,"NULL","NA",NA,"NA",NA,"NA",NA,"NA",NA,"NA","NULL",NA,"NULL","NA","NA","NA",NA,"NA",NA,"NA",NA,"NA",NA,"NULL","NA",NA,"NA",NA,"NA",NA,"NA",NA,"NA",NA,"NA","NA","NA","NA","NA",NA,"NA",NA,"NA",NA,"NA","NA","NA","NA","NA","NA","NA",NA,"NA",NA,"NA","NA","NA","7570","43","3","NA","NA","NA","NA","NA",NA,"NA","NA",NA,"NA","NA","NA","NA","NA","NA","NA","NA","NA","NA","NA","NA","NA",NA,"NA","NA","NA","NA","NA","NA","NA","NA","NA","NA","87","77","NA","NA","90","68","NA","NA","NA","NA",NA,"NA","NA","NA","NA","NA","NA","NA","NA","NA","NA","NA","NA","NA","NA","NA","NA","NA","NA","NA","NA","NA","360","1784.36","1741.04","43.3199999999999","7.36000000000013"
"20","5119f080-61f7-412f-8a1c-bc1cdb533dd9","1410","1","00:30:28.120","30","28","62","0.559","acfe3489-720e-426e-94ed-0d37e6cb5fa6","c(71, 78)","NA","NA","30","Pass","768","England","4","From Throw In","768","England","NA","NULL","3664","Trent Alexander-Arnold","12","Right Midfield","10.816654","-2.55359","c(62, 72)","NA","NA",NA,"NA","NA","NA","NA","NA","NA","NA","3504","Ruben Loftus-Cheek","1","Ground Pass","40","Right Foot","NA",NA,"NA",NA,"NA",NA,"NULL","NA",NA,"NA",NA,"NA",NA,"NA",NA,"NA","NULL",NA,"NULL","NA","NA","NA",NA,"NA",NA,"NA",NA,"NA",NA,"NULL","NA",NA,"NA",NA,"NA",NA,"NA",NA,"NA",NA,"NA","NA","NA","NA","NA",NA,"NA",NA,"NA",NA,"NA","NA","NA","NA","NA","NA","NA",NA,"NA",NA,"NA","NA","NA","7570","43","3","NA","NA","NA","NA","NA",NA,"NA","NA",NA,"NA","NA","NA","NA","NA","NA","NA","NA","NA","NA","NA","NA","NA",NA,"NA","NA","NA","NA","NA","NA","NA","NA","NA","NA","71","78","NA","NA","62","72","NA","NA","NA","NA",NA,"NA","NA","NA","NA","NA","NA","NA","NA","NA","NA","NA","NA","NA","NA","NA","NA","NA","NA","NA","NA","NA","120","1828.12","1814.519","13.6009999999999","21.4400000000001"
"21","47ba8512-58da-4ab8-bf5b-4416f6f8aaed","1423","1","00:30:42.120","30","42","62","0.92","b13151c0-1a86-4eba-b9f0-69d4831dcf22","c(62, 77)","NA","NA","30","Pass","768","England","4","From Throw In","768","England","NA","NULL","3664","Trent Alexander-Arnold","12","Right Midfield","8.5440035","-1.2120256","c(65, 69)","NA","NA",NA,"NA","NA","NA","NA","NA","NA","NA","3504","Ruben Loftus-Cheek","2","Low Pass","37","Head","NA",NA,"NA",NA,"NA",NA,"NULL","NA",NA,"NA",NA,"NA",NA,"NA",NA,"NA","NULL",NA,"NULL","NA","NA","NA",NA,"NA",NA,"NA",NA,"NA",NA,"NULL","NA",NA,"NA",NA,"NA",NA,"NA",NA,"NA",NA,"NA","NA","NA","NA","NA",NA,"NA",NA,"NA",NA,"NA","NA","NA","NA","NA","NA","NA",NA,"NA",NA,"NA","NA","NA","7570","43","3","NA","NA","NA","NA","NA",NA,"NA","NA",NA,"NA","NA","NA","NA","NA","NA","NA","NA","NA","NA","NA","NA","NA",NA,"NA","NA","NA","NA","NA","NA","NA","NA","NA","NA","62","77","NA","NA","65","69","NA","NA","NA","NA",NA,"NA","NA","NA","NA","NA","NA","NA","NA","NA","NA","NA","NA","NA","NA","NA","NA","NA","NA","NA","NA","NA","120","1842.12","1814.519","27.6009999999999","7.44000000000005"
"22","56d2de7d-75d6-4386-8702-cd692d91a0a8","1441","1","00:31:35.480","31","35","64","0.919","3aff4e3c-0944-4b2a-8c0e-125e36fc1f0e","c(56, 62)","NA","NA","30","Pass","768","England","3","From Free Kick","768","England","NA","NULL","3664","Trent Alexander-Arnold","12","Right Midfield","8","-1.5707964","c(56, 54)","NA","NA",NA,"NA","NA","NA","NA","NA","NA","NA","10956","Eric Dier","1","Ground Pass","40","Right Foot","NA",NA,"NA",NA,"NA",NA,"NULL","NA",NA,"NA",NA,"NA",NA,"NA",NA,"NA","NULL",NA,"NULL","NA","NA","NA",NA,"NA",NA,"NA",NA,"NA",NA,"NULL","NA",NA,"NA",NA,"NA",NA,"NA",NA,"NA",NA,"NA","NA","NA","NA","NA",NA,"NA",NA,"NA",NA,"NA","NA","NA","NA","NA","NA","NA",NA,"NA",NA,"NA","NA","NA","7570","43","3","NA","NA","NA","NA","NA",NA,"NA","NA",NA,"NA","NA","NA","NA","NA","NA","NA","NA","NA","NA","NA","NA","NA",NA,"NA","NA","NA","NA","NA","NA","NA","NA","NA","NA","56","62","NA","NA","56","54","NA","NA","NA","NA",NA,"NA","NA","NA","NA","NA","NA","NA","NA","NA","NA","NA","NA","NA","NA","NA","NA","NA","NA","NA","NA","NA","480","1895.48","1891.2","4.27999999999997","24.9200000000001"
"23","970b14e4-5abb-41e5-9332-c8c169a6a3ec","1447","1","00:31:42.280","31","42","64","1.12","273d8e4a-f982-40cc-972c-e796c1559d4c","c(68, 65)","NA","NA","30","Pass","768","England","3","From Free Kick","768","England","NA","NULL","3664","Trent Alexander-Arnold","12","Right Midfield","12.083046","-2.714965","c(57, 60)","NA","NA",NA,"NA","NA","NA","NA","NA","NA","NA","10956","Eric Dier","1","Ground Pass","40","Right Foot","NA",NA,"NA",NA,"NA",NA,"NULL","NA",NA,"NA",NA,"NA",NA,"NA",NA,"NA","NULL",NA,"NULL","NA","NA","NA",NA,"NA",NA,"NA",NA,"NA",NA,"NULL","NA",NA,"NA",NA,"NA",NA,"NA",NA,"NA",NA,"NA","NA","NA","NA","NA",NA,"NA",NA,"NA",NA,"NA","NA","NA","NA","NA","NA","NA",NA,"NA",NA,"NA","NA","NA","7570","43","3","NA","NA","NA","NA","NA",NA,"NA","NA",NA,"NA","NA","NA","NA","NA","NA","NA","NA","NA","NA","NA","NA","NA",NA,"NA","NA","NA","NA","NA","NA","NA","NA","NA","NA","68","65","NA","NA","57","60","NA","NA","NA","NA",NA,"NA","NA","NA","NA","NA","NA","NA","NA","NA","NA","NA","NA","NA","NA","NA","NA","NA","NA","NA","NA","NA","280","1902.28","1891.2","11.0799999999999","18.1200000000001"
"24","b3609582-55e1-4b25-954c-8018f5a4de57","1477","1","00:33:48.680","33","48","66","1.347","6a01d314-27b7-488e-a21e-c33a8868000f","c(119, 2)","NA","NA","30","Pass","768","England","2","From Corner","768","England","NA","NULL","3664","Trent Alexander-Arnold","12","Right Midfield","39.45884","1.7234457","c(113, 41)","NA","TRUE","ab7866dd-11bc-42d6-91cc-696eff695c1c","TRUE","NA","NA","NA","NA","NA","NA","3504","Ruben Loftus-Cheek","3","High Pass","40","Right Foot","61","Corner","NA",NA,"NA",NA,"NULL","NA",NA,"NA",NA,"NA",NA,"NA",NA,"NA","NULL",NA,"NULL","NA","NA","NA",NA,"NA",NA,"NA",NA,"NA",NA,"NULL","NA",NA,"NA",NA,"NA",NA,"NA",NA,"NA",NA,"NA","NA","NA","NA","NA",NA,"NA",NA,"NA",NA,"NA","NA","NA","NA","NA","NA","NA",NA,"NA",NA,"NA","NA","NA","7570","43","3","NA","NA","NA","NA","NA",NA,"NA","NA",NA,"NA","NA","NA","NA","NA","NA","NA","NA","NA","NA","NA","NA","NA",NA,"NA","NA","NA","NA","NA","NA","NA","NA","NA","NA","119","2","NA","NA","113","41","NA","NA","NA","NA",NA,"NA","NA","NA","NA","NA","NA","NA","NA","NA","NA","NA","NA","NA","NA","NA","NA","NA","NA","NA","NA","NA","680","2028.68","2028.68","0","2.72000000000003"
"25","448118a2-90fd-48ff-8683-2746a9b85604","1719","1","00:40:58.400","40","58","79","3.279","f96c93eb-40e8-441b-80ec-4bbf0a519eb9","c(79, 79)","NA","NA","30","Pass","768","England","4","From Throw In","768","England","NA","NULL","3664","Trent Alexander-Arnold","12","Right Midfield","45.17743","-2.6581457","c(39, 58)","NA","NA",NA,"NA","NA","NA","NA","NA","NA","NA","3244","John Stones","3","High Pass","NA",NA,"67","Throw-in","NA",NA,"NA",NA,"NULL","NA",NA,"NA",NA,"NA",NA,"NA",NA,"NA","NULL",NA,"NULL","NA","NA","NA",NA,"NA",NA,"NA",NA,"NA",NA,"NULL","NA",NA,"NA",NA,"NA",NA,"NA",NA,"NA",NA,"NA","NA","NA","NA","NA",NA,"NA",NA,"NA",NA,"NA","NA","NA","NA","NA","NA","NA",NA,"NA",NA,"NA","NA","NA","7570","43","3","NA","NA","NA","NA","NA",NA,"NA","NA",NA,"NA","NA","NA","NA","NA","NA","NA","NA","NA","NA","NA","NA","NA",NA,"NA","NA","NA","NA","NA","NA","NA","NA","NA","NA","79","79","NA","NA","39","58","NA","NA","NA","NA",NA,"NA","NA","NA","NA","NA","NA","NA","NA","NA","NA","NA","NA","NA","NA","NA","NA","NA","NA","NA","NA","NA","400","2458.4","2458.4","0","37.3600000000001"
"26","1987e0cb-5e86-44cc-8765-d1fdfe9f264d","1849","1","00:42:56.087","42","56","81","1.153","a16781ca-ab72-4340-b5d7-63ffbe443b91","c(34, 54)","NA","NA","30","Pass","768","England","1","Regular Play","768","England","NA","NULL","3664","Trent Alexander-Arnold","12","Right Midfield","13.038404","-1.0040671","c(41, 43)","NA","NA",NA,"NA","NA","NA","NA","NA","NA","NA","10956","Eric Dier","1","Ground Pass","40","Right Foot","NA",NA,"NA",NA,"NA",NA,"NULL","NA",NA,"NA",NA,"NA",NA,"NA",NA,"NA","NULL",NA,"NULL","NA","NA","NA",NA,"NA",NA,"NA",NA,"NA",NA,"NULL","NA",NA,"NA",NA,"NA",NA,"NA",NA,"NA",NA,"NA","NA","NA","NA","NA",NA,"NA",NA,"NA",NA,"NA","NA","NA","NA","NA","NA","NA",NA,"NA",NA,"NA","NA","NA","7570","43","3","NA","NA","NA","NA","NA",NA,"NA","NA",NA,"NA","NA","NA","NA","NA","NA","NA","NA","NA","NA","NA","NA","NA",NA,"NA","NA","NA","NA","NA","NA","NA","NA","NA","NA","34","54","NA","NA","41","43","NA","NA","NA","NA",NA,"NA","NA","NA","NA","NA","NA","NA","NA","NA","NA","NA","NA","NA","NA","NA","NA","NA","NA","NA","NA","NA","87","2576.087","2572.08","4.00700000000006","65.7530000000002"
"27","35454c8c-dbbe-4983-ac03-a2be554099e8","1857","1","00:43:01.280","43","1","81","1.079","2d96576b-006b-4ca7-8099-0fff1ae0b688","c(35, 70)","NA","NA","30","Pass","768","England","1","Regular Play","768","England","NA","NULL","3664","Trent Alexander-Arnold","12","Right Midfield","20.518284","-2.3906636","c(20, 56)","NA","NA",NA,"NA","NA","NA","NA","NA","NA","NA","3314","Phil Jones","1","Ground Pass","38","Left Foot","NA",NA,"NA",NA,"NA",NA,"NULL","NA",NA,"NA",NA,"NA",NA,"NA",NA,"NA","NULL",NA,"NULL","NA","NA","NA",NA,"NA",NA,"NA",NA,"NA",NA,"NULL","NA",NA,"NA",NA,"NA",NA,"NA",NA,"NA",NA,"NA","NA","NA","NA","NA",NA,"NA",NA,"NA",NA,"NA","NA","NA","NA","NA","NA","NA",NA,"NA",NA,"NA","NA","NA","7570","43","3","NA","NA","NA","NA","NA",NA,"NA","NA",NA,"NA","NA","NA","NA","NA","NA","NA","NA","NA","NA","NA","NA","NA",NA,"NA","NA","NA","NA","NA","NA","NA","NA","NA","NA","35","70","NA","NA","20","56","NA","NA","NA","NA",NA,"NA","NA","NA","NA","NA","NA","NA","NA","NA","NA","NA","NA","NA","NA","NA","NA","NA","NA","NA","NA","NA","280","2581.28","2572.08","9.20000000000027","60.5599999999999"
"28","f79b5c4f-aaac-4315-9283-222cc3599210","1876","1","00:43:25.600","43","25","81","1.239","2de69255-89c8-4294-87ed-61b064007ff0","c(66, 71)","NA","NA","30","Pass","768","England","1","Regular Play","768","England","NA","NULL","3664","Trent Alexander-Arnold","12","Right Midfield","20.12461","-2.0344439","c(57, 53)","NA","NA",NA,"NA","NA","NA","NA","NA","NA","NA","3504","Ruben Loftus-Cheek","1","Ground Pass","40","Right Foot","NA",NA,"NA",NA,"NA",NA,"NULL","NA",NA,"NA",NA,"NA",NA,"NA",NA,"NA","NULL",NA,"NULL","NA","NA","NA",NA,"NA",NA,"NA",NA,"NA",NA,"NULL","NA",NA,"NA",NA,"NA",NA,"NA",NA,"NA",NA,"NA","NA","NA","NA","NA",NA,"NA",NA,"NA",NA,"NA","NA","NA","NA","NA","NA","NA",NA,"NA",NA,"NA","NA","NA","7570","43","3","NA","NA","NA","NA","NA",NA,"NA","NA",NA,"NA","NA","NA","NA","NA","NA","NA","NA","NA","NA","NA","NA","NA",NA,"NA","NA","NA","NA","NA","NA","NA","NA","NA","NA","66","71","NA","NA","57","53","NA","NA","NA","NA",NA,"NA","NA","NA","NA","NA","NA","NA","NA","NA","NA","NA","NA","NA","NA","NA","NA","NA","NA","NA","NA","NA","600","2605.6","2572.08","33.52","36.2400000000002"
"29","844a560c-ed8c-446d-8e05-54877d3e3159","1882","1","00:43:30.560","43","30","81","1.04","1aa7a24a-4787-4f7e-ad25-7116f23101e9","c(65, 72)","NA","NA","30","Pass","768","England","1","Regular Play","768","England","NA","NULL","3664","Trent Alexander-Arnold","12","Right Midfield","13.892444","-2.6135182","c(53, 65)","NA","NA",NA,"NA","NA","NA","NA","NA","NA","NA","3314","Phil Jones","1","Ground Pass","40","Right Foot","NA",NA,"NA",NA,"NA",NA,"NULL","NA",NA,"NA",NA,"NA",NA,"NA",NA,"NA","NULL",NA,"NULL","NA","NA","NA",NA,"NA",NA,"NA",NA,"NA",NA,"NULL","NA",NA,"NA",NA,"NA",NA,"NA",NA,"NA",NA,"NA","NA","NA","NA","NA",NA,"NA",NA,"NA",NA,"NA","NA","NA","NA","NA","NA","NA",NA,"NA",NA,"NA","NA","NA","7570","43","3","NA","NA","NA","NA","NA",NA,"NA","NA",NA,"NA","NA","NA","NA","NA","NA","NA","NA","NA","NA","NA","NA","NA",NA,"NA","NA","NA","NA","NA","NA","NA","NA","NA","NA","65","72","NA","NA","53","65","NA","NA","NA","NA",NA,"NA","NA","NA","NA","NA","NA","NA","NA","NA","NA","NA","NA","NA","NA","NA","NA","NA","NA","NA","NA","NA","560","2610.56","2572.08","38.48","31.2800000000002"
"30","a9b39c96-c506-4e54-9713-0a1a21fbe435","1895","1","00:43:38.720","43","38","81","1.08","c(""06761a81-51e9-4047-9fd5-9220c5ebb7d0"", ""698c7d1d-270d-48c2-a928-4ac33128a70a"")","c(57, 76)","TRUE","NA","30","Pass","768","England","1","Regular Play","768","England","NA","NULL","3664","Trent Alexander-Arnold","12","Right Midfield","19.026299","-1.6233793","c(56, 57)","NA","NA",NA,"NA","NA","NA","NA","NA","NA","NA","3504","Ruben Loftus-Cheek","1","Ground Pass","38","Left Foot","NA",NA,"NA",NA,"NA",NA,"NULL","NA",NA,"NA",NA,"NA",NA,"NA",NA,"NA","NULL",NA,"NULL","NA","NA","NA",NA,"NA",NA,"NA",NA,"NA",NA,"NULL","NA",NA,"NA",NA,"NA",NA,"NA",NA,"NA",NA,"NA","NA","NA","NA","NA",NA,"NA",NA,"NA",NA,"NA","NA","NA","NA","NA","NA","NA",NA,"NA",NA,"NA","NA","NA","7570","43","3","NA","NA","NA","NA","NA",NA,"NA","NA",NA,"NA","NA","NA","NA","NA","NA","NA","NA","NA","NA","NA","NA","NA",NA,"NA","NA","NA","NA","NA","NA","NA","NA","NA","NA","57","76","NA","NA","56","57","NA","NA","NA","NA",NA,"NA","NA","NA","NA","NA","NA","NA","NA","NA","NA","NA","NA","NA","NA","NA","NA","NA","NA","NA","NA","NA","720","2618.72","2572.08","46.6399999999999","23.1200000000003"
"31","1b74ef58-5735-4f8f-8d1e-3279d562c211","1906","1","00:43:44.120","43","44","81","0.84","6102aa6c-9e75-4cae-88da-855c09668d01","c(63, 77)","NA","NA","30","Pass","768","England","1","Regular Play","768","England","NA","NULL","3664","Trent Alexander-Arnold","12","Right Midfield","10.630146","-0.8519663","c(70, 69)","NA","NA",NA,"NA","NA","NA","NA","NA","NA","NA","3318","Marcus Rashford","1","Ground Pass","40","Right Foot","NA",NA,"NA",NA,"NA",NA,"NULL","NA",NA,"NA",NA,"NA",NA,"NA",NA,"NA","NULL",NA,"NULL","NA","NA","NA",NA,"NA",NA,"NA",NA,"NA",NA,"NULL","NA",NA,"NA",NA,"NA",NA,"NA",NA,"NA",NA,"NA","NA","NA","NA","NA",NA,"NA",NA,"NA",NA,"NA","NA","NA","NA","NA","NA","NA",NA,"NA",NA,"NA","NA","NA","7570","43","3","NA","NA","NA","NA","NA",NA,"NA","NA",NA,"NA","NA","NA","NA","NA","NA","NA","NA","NA","NA","NA","NA","NA",NA,"NA","NA","NA","NA","NA","NA","NA","NA","NA","NA","63","77","NA","NA","70","69","NA","NA","NA","NA",NA,"NA","NA","NA","NA","NA","NA","NA","NA","NA","NA","NA","NA","NA","NA","NA","NA","NA","NA","NA","NA","NA","120","2624.12","2572.08","52.04","17.7200000000003"
"32","641a2254-eee9-4964-a10c-1fc8807b02d4","1914","1","00:43:47.800","43","47","81","2.759","71373aeb-e635-492e-ac06-2a26f2d62365","c(60, 77)","NA","NA","30","Pass","768","England","1","Regular Play","768","England","NA","NULL","3664","Trent Alexander-Arnold","12","Right Midfield","27.784887","-2.6135182","c(36, 63)","NA","NA",NA,"NA","NA","NA","NA","NA","NA","NA","3314","Phil Jones","1","Ground Pass","40","Right Foot","NA",NA,"NA",NA,"NA",NA,"NULL","NA",NA,"NA",NA,"NA",NA,"NA",NA,"NA","NULL",NA,"NULL","NA","NA","NA",NA,"NA",NA,"NA",NA,"NA",NA,"NULL","NA",NA,"NA",NA,"NA",NA,"NA",NA,"NA",NA,"NA","NA","NA","NA","NA",NA,"NA",NA,"NA",NA,"NA","NA","NA","NA","NA","NA","NA",NA,"NA",NA,"NA","NA","NA","7570","43","3","NA","NA","NA","NA","NA",NA,"NA","NA",NA,"NA","NA","NA","NA","NA","NA","NA","NA","NA","NA","NA","NA","NA",NA,"NA","NA","NA","NA","NA","NA","NA","NA","NA","NA","60","77","NA","NA","36","63","NA","NA","NA","NA",NA,"NA","NA","NA","NA","NA","NA","NA","NA","NA","NA","NA","NA","NA","NA","NA","NA","NA","NA","NA","NA","NA","800","2627.8","2572.08","55.7200000000003","14.04"
"33","506c1e76-7c97-4298-bd24-2570382a3311","1937","1","00:44:26.280","44","26","82","0.8","c(""1b380a34-fba0-4f56-addd-b70d9789d924"", ""4bfe6fb0-e4ef-428e-85f3-35cfc565e2ad"")","c(91, 68)","TRUE","NA","30","Pass","768","England","1","Regular Play","768","England","NA","NULL","3664","Trent Alexander-Arnold","12","Right Midfield","10","3.1415927","c(81, 68)","NA","NA",NA,"NA","NA","NA","NA","NA","NA","NA","3504","Ruben Loftus-Cheek","1","Ground Pass","40","Right Foot","NA",NA,"NA",NA,"NA",NA,"NULL","NA",NA,"NA",NA,"NA",NA,"NA",NA,"NA","NULL",NA,"NULL","NA","NA","NA",NA,"NA",NA,"NA",NA,"NA",NA,"NULL","NA",NA,"NA",NA,"NA",NA,"NA",NA,"NA",NA,"NA","NA","NA","NA","NA",NA,"NA",NA,"NA",NA,"NA","NA","NA","NA","NA","NA","NA",NA,"NA",NA,"NA","NA","NA","7570","43","3","NA","NA","NA","NA","NA",NA,"NA","NA",NA,"NA","NA","NA","NA","NA","NA","NA","NA","NA","NA","NA","NA","NA",NA,"NA","NA","NA","NA","NA","NA","NA","NA","NA","NA","91","68","NA","NA","81","68","NA","NA","NA","NA",NA,"NA","NA","NA","NA","NA","NA","NA","NA","NA","NA","NA","NA","NA","NA","NA","NA","NA","NA","NA","NA","NA","280","2666.28","2655.52","10.7600000000002","4.51999999999998"
"34","0e903e58-f580-49d2-a1c1-244b70cb0c27","2129","2","00:02:30.073","47","30","87","1.2","b19f3055-b532-4a09-8732-d8d3644f0e0e","c(26, 77)","NA","NA","30","Pass","768","England","1","Regular Play","768","England","NA","NULL","3664","Trent Alexander-Arnold","12","Right Midfield","16.155495","-1.9513026","c(20, 62)","NA","NA",NA,"NA","NA","NA","NA","NA","NA","NA","3314","Phil Jones","1","Ground Pass","40","Right Foot","NA",NA,"NA",NA,"NA",NA,"NULL","NA",NA,"NA",NA,"NA",NA,"NA",NA,"NA","NULL",NA,"NULL","NA","NA","NA",NA,"NA",NA,"NA",NA,"NA",NA,"NULL","NA",NA,"NA",NA,"NA",NA,"NA",NA,"NA",NA,"NA","NA","NA","NA","NA",NA,"NA",NA,"NA",NA,"NA","NA","NA","NA","NA","NA","NA",NA,"NA",NA,"NA","NA","NA","7570","43","3","NA","NA","NA","NA","NA",NA,"NA","NA",NA,"NA","NA","NA","NA","NA","NA","NA","NA","NA","NA","NA","NA","NA",NA,"NA","NA","NA","NA","NA","NA","NA","NA","NA","NA","26","77","NA","NA","20","62","NA","NA","NA","NA",NA,"NA","NA","NA","NA","NA","NA","NA","NA","NA","NA","NA","NA","NA","NA","NA","NA","NA","NA","NA","NA","NA","73","2857.713","2856.113","1.60000000000036","8.63999999999987"
"35","781cbd4c-82d2-4e05-841b-0720a5840d0e","2272","2","00:06:58.113","51","58","95","1","d8219923-311c-47ea-bb43-8dcd0f5f46a2","c(55, 75)","NA","NA","30","Pass","768","England","1","Regular Play","768","England","NA","NULL","3664","Trent Alexander-Arnold","12","Right Midfield","10","-0.9272952","c(61, 67)","NA","NA",NA,"NA","NA","NA","NA","NA","NA","NA","3504","Ruben Loftus-Cheek","2","Low Pass","37","Head","NA",NA,"NA",NA,"NA",NA,"NULL","NA",NA,"NA",NA,"NA",NA,"NA",NA,"NA","NULL",NA,"NULL","NA","NA","NA",NA,"NA",NA,"NA",NA,"NA",NA,"NULL","NA",NA,"NA",NA,"NA",NA,"NA",NA,"NA",NA,"NA","NA","NA","NA","NA",NA,"NA",NA,"NA",NA,"NA","NA","NA","NA","NA","NA","NA",NA,"NA",NA,"NA","NA","NA","7570","43","3","NA","NA","NA","NA","NA",NA,"NA","NA",NA,"NA","NA","NA","NA","NA","NA","NA","NA","NA","NA","NA","NA","NA",NA,"NA","NA","NA","NA","NA","NA","NA","NA","NA","NA","55","75","NA","NA","61","67","NA","NA","NA","NA",NA,"NA","NA","NA","NA","NA","NA","NA","NA","NA","NA","NA","NA","NA","NA","NA","NA","NA","NA","NA","NA","NA","113","3125.753","3123.94","1.8130000000001","6.96000000000004"
"36","1d86abb5-9eaa-4d1c-920a-a18c2a021167","2467","2","00:11:23.873","56","23","103","1","c74fd304-aaae-4440-8af8-b489aeeffa2c","c(4, 80)","NA","NA","30","Pass","768","England","4","From Throw In","768","England","NA","NULL","3664","Trent Alexander-Arnold","12","Right Midfield","3.6055512","-0.98279375","c(6, 77)","NA","NA",NA,"NA","NA","NA","NA","NA","NA","NA","3314","Phil Jones","2","Low Pass","NA",NA,"67","Throw-in","NA",NA,"NA",NA,"NULL","NA",NA,"NA",NA,"NA",NA,"NA",NA,"NA","NULL",NA,"NULL","NA","NA","NA",NA,"NA",NA,"NA",NA,"NA",NA,"NULL","NA",NA,"NA",NA,"NA",NA,"NA",NA,"NA",NA,"NA","NA","NA","NA","NA",NA,"NA",NA,"NA",NA,"NA","NA","NA","NA","NA","NA","NA",NA,"NA",NA,"NA","NA","NA","7570","43","3","NA","NA","NA","NA","NA",NA,"NA","NA",NA,"NA","NA","NA","NA","NA","NA","NA","NA","NA","NA","NA","NA","NA",NA,"NA","NA","NA","NA","NA","NA","NA","NA","NA","NA","4","80","NA","NA","6","77","NA","NA","NA","NA",NA,"NA","NA","NA","NA","NA","NA","NA","NA","NA","NA","NA","NA","NA","NA","NA","NA","NA","NA","NA","NA","NA","873","3391.513","3391.513","0","5.95699999999988"
"37","58cfbb9b-fb6f-47bf-b825-b354f2f8fcf4","2473","2","00:11:26.473","56","26","103","3.266","ab7f5609-443f-491e-aac3-80d16b6f7ad5","c(4, 78)","NA","NA","30","Pass","768","England","4","From Throw In","768","England","NA","NULL","3664","Trent Alexander-Arnold","12","Right Midfield","54.708317","-0.31597027","c(56, 61)","NA","NA",NA,"NA","NA","NA","NA","NA","NA","NA","10960","Jamie Vardy","3","High Pass","40","Right Foot","NA",NA,"NA",NA,"NA",NA,"NULL","NA",NA,"NA",NA,"NA",NA,"NA",NA,"NA","NULL",NA,"NULL","NA","NA","NA",NA,"NA",NA,"NA",NA,"NA",NA,"NULL","NA",NA,"NA",NA,"NA",NA,"NA",NA,"NA",NA,"NA","NA","NA","NA","NA",NA,"NA",NA,"NA",NA,"NA","NA","NA","NA","NA","NA","NA",NA,"NA",NA,"NA","NA","NA","7570","43","3","NA","NA","NA","NA","NA",NA,"NA","NA",NA,"NA","NA","NA","NA","NA","NA","NA","NA","NA","NA","NA","NA","NA",NA,"NA","NA","NA","NA","NA","NA","NA","NA","NA","NA","4","78","NA","NA","56","61","NA","NA","NA","NA",NA,"NA","NA","NA","NA","NA","NA","NA","NA","NA","NA","NA","NA","NA","NA","NA","NA","NA","NA","NA","NA","NA","473","3394.113","3391.513","2.59999999999991","3.35699999999997"
"38","8ee6a980-c392-4588-b336-500c1a752ffe","2552","2","00:14:57.953","59","57","107","1.279","a5b00069-7356-4b15-9304-80d8ddc2db83","c(63, 80)","NA","NA","30","Pass","768","England","1","Regular Play","768","England","NA","NULL","3664","Trent Alexander-Arnold","12","Right Midfield","25.079872","-0.07982998","c(88, 78)","NA","NA",NA,"NA","NA","NA","NA","NA","NA","NA","3504","Ruben Loftus-Cheek","1","Ground Pass","40","Right Foot","NA",NA,"NA",NA,"NA",NA,"NULL","NA",NA,"NA",NA,"NA",NA,"NA",NA,"NA","NULL",NA,"NULL","NA","NA","NA",NA,"NA",NA,"NA",NA,"NA",NA,"NULL","NA",NA,"NA",NA,"NA",NA,"NA",NA,"NA",NA,"NA","NA","NA","NA","NA",NA,"NA",NA,"NA",NA,"NA","NA","NA","NA","NA","NA","NA",NA,"NA",NA,"NA","NA","NA","7570","43","3","NA","NA","NA","NA","NA",NA,"NA","NA",NA,"NA","NA","NA","NA","NA","NA","NA","NA","NA","NA","NA","NA","NA",NA,"NA","NA","NA","NA","NA","NA","NA","NA","NA","NA","63","80","NA","NA","88","78","NA","NA","NA","NA",NA,"NA","NA","NA","NA","NA","NA","NA","NA","NA","NA","NA","NA","NA","NA","NA","NA","NA","NA","NA","NA","NA","953","3605.593","3593.193","12.3999999999996","9.24000000000024"
"39","73e02eae-afb5-4833-b159-d76dfe465290","2575","2","00:15:13.313","60","13","108","2.04","22124d88-6ee1-45dd-b5bc-ae8269eb4f46","c(86, 77)","NA","NA","30","Pass","782","Belgium","1","Regular Play","768","England","NA","NULL","3664","Trent Alexander-Arnold","12","Right Midfield","18.384777","-0.39060703","c(103, 70)","NA","NA",NA,"NA","NA","NA","NA","NA","NA","NA","3314","Phil Jones","1","Ground Pass","40","Right Foot","NA",NA,"NA",NA,"NA",NA,"NULL","NA",NA,"NA",NA,"NA",NA,"NA",NA,"NA","NULL",NA,"NULL","NA","NA","NA",NA,"NA",NA,"NA",NA,"NA",NA,"NULL","NA",NA,"NA",NA,"NA",NA,"NA",NA,"NA",NA,"NA","NA","NA","NA","NA",NA,"NA",NA,"NA",NA,"NA","NA","NA","NA","NA","NA","NA",NA,"NA",NA,"NA","NA","NA","7570","43","3","NA","NA","NA","NA","NA",NA,"NA","NA",NA,"NA","NA","NA","NA","NA","NA","NA","NA","NA","NA","NA","NA","NA",NA,"NA","NA","NA","NA","NA","NA","NA","NA","NA","NA","86","77","NA","NA","103","70","NA","NA","NA","NA",NA,"NA","NA","NA","NA","NA","NA","NA","NA","NA","NA","NA","NA","NA","NA","NA","NA","NA","NA","NA","NA","NA","313","3620.953","3615.233","5.7199999999998","2.24000000000024"
"40","8786f2ba-6606-4271-beca-cd4bcdf24877","2591","2","00:15:57.233","60","57","110","0.72","8020434b-c756-4bd3-9791-6e79945b99bb","c(26, 75)","NA","NA","30","Pass","768","England","1","Regular Play","768","England","NA","NULL","3664","Trent Alexander-Arnold","12","Right Midfield","12.206555","-0.61072594","c(36, 68)","NA","NA",NA,"NA","NA","NA","NA","NA","NA","NA","3314","Phil Jones","1","Ground Pass","40","Right Foot","NA",NA,"NA",NA,"NA",NA,"NULL","NA",NA,"NA",NA,"NA",NA,"NA",NA,"NA","NULL",NA,"NULL","NA","NA","NA",NA,"NA",NA,"NA",NA,"NA",NA,"NULL","NA",NA,"NA",NA,"NA",NA,"NA",NA,"NA",NA,"NA","NA","NA","NA","NA",NA,"NA",NA,"NA",NA,"NA","NA","NA","NA","NA","NA","NA",NA,"NA",NA,"NA","NA","NA","7570","43","3","NA","NA","NA","NA","NA",NA,"NA","NA",NA,"NA","NA","NA","NA","NA","NA","NA","NA","NA","NA","NA","NA","NA",NA,"NA","NA","NA","NA","NA","NA","NA","NA","NA","NA","26","75","NA","NA","36","68","NA","NA","NA","NA",NA,"NA","NA","NA","NA","NA","NA","NA","NA","NA","NA","NA","NA","NA","NA","NA","NA","NA","NA","NA","NA","NA","233","3664.873","3660.433","4.44000000000005","26.9189999999999"
"41","768fccee-0575-452b-bd27-8765472dd220","2770","2","00:19:40.313","64","40","118","0.96","fc739df3-021a-4383-b5ae-f0e9420f0adc","c(57, 80)","NA","NA","30","Pass","768","England","4","From Throw In","768","England","NA","NULL","3664","Trent Alexander-Arnold","12","Right Midfield","9.486833","-2.819842","c(48, 77)","NA","NA",NA,"NA","NA","NA","NA","NA","NA","NA","3314","Phil Jones","1","Ground Pass","40","Right Foot","NA",NA,"NA",NA,"NA",NA,"NULL","NA",NA,"NA",NA,"NA",NA,"NA",NA,"NA","NULL",NA,"NULL","NA","NA","NA",NA,"NA",NA,"NA",NA,"NA",NA,"NULL","NA",NA,"NA",NA,"NA",NA,"NA",NA,"NA",NA,"NA","NA","NA","NA","NA",NA,"NA",NA,"NA",NA,"NA","NA","NA","NA","NA","NA","NA",NA,"NA",NA,"NA","NA","NA","7570","43","3","NA","NA","NA","NA","NA",NA,"NA","NA",NA,"NA","NA","NA","NA","NA","NA","NA","NA","NA","NA","NA","NA","NA",NA,"NA","NA","NA","NA","NA","NA","NA","NA","NA","NA","57","80","NA","NA","48","77","NA","NA","NA","NA",NA,"NA","NA","NA","NA","NA","NA","NA","NA","NA","NA","NA","NA","NA","NA","NA","NA","NA","NA","NA","NA","NA","313","3887.953","3867.993","19.96","55.96"
"42","6bcfc693-c298-4d4c-acb6-b063260fc65a","2813","2","00:20:21.713","65","21","118","2.32","4bf83497-aca2-4601-8e55-93b6aeae09bf","c(65, 78)","NA","NA","30","Pass","768","England","4","From Throw In","768","England","NA","NULL","3664","Trent Alexander-Arnold","12","Right Midfield","37.64306","-2.2621334","c(41, 49)","NA","NA",NA,"NA","NA","NA","NA","NA","NA","NA","3645","Gary Cahill","1","Ground Pass","40","Right Foot","NA",NA,"NA",NA,"NA",NA,"NULL","NA",NA,"NA",NA,"NA",NA,"NA",NA,"NA","NULL",NA,"NULL","NA","NA","NA",NA,"NA",NA,"NA",NA,"NA",NA,"NULL","NA",NA,"NA",NA,"NA",NA,"NA",NA,"NA",NA,"NA","NA","NA","NA","NA",NA,"NA",NA,"NA",NA,"NA","NA","NA","NA","NA","NA","NA",NA,"NA",NA,"NA","NA","NA","7570","43","3","NA","NA","NA","NA","NA",NA,"NA","NA",NA,"NA","NA","NA","NA","NA","NA","NA","NA","NA","NA","NA","NA","NA",NA,"NA","NA","NA","NA","NA","NA","NA","NA","NA","NA","65","78","NA","NA","41","49","NA","NA","NA","NA",NA,"NA","NA","NA","NA","NA","NA","NA","NA","NA","NA","NA","NA","NA","NA","NA","NA","NA","NA","NA","NA","NA","713","3929.353","3867.993","61.3600000000001","14.5599999999999"
"43","bfe62e6f-5abe-4363-97e8-e6413cff638f","2833","2","00:21:14.553","66","14","120","2.519","d10605bf-e6c1-441f-91ff-f3d5e191b841","c(115, 80)","NA","NA","30","Pass","768","England","4","From Throw In","768","England","NA","NULL","3664","Trent Alexander-Arnold","12","Right Midfield","28.160255","-3.034857","c(87, 77)","NA","NA",NA,"NA","NA","NA","NA","NA","NA","NA","4597","Fabian Delph","2","Low Pass","NA",NA,"67","Throw-in","NA",NA,"NA",NA,"NULL","NA",NA,"NA",NA,"NA",NA,"NA",NA,"NA","NULL",NA,"NULL","NA","NA","NA",NA,"NA",NA,"NA",NA,"NA",NA,"NULL","NA",NA,"NA",NA,"NA",NA,"NA",NA,"NA",NA,"NA","NA","NA","NA","NA",NA,"NA",NA,"NA",NA,"NA","NA","NA","NA","NA","NA","NA",NA,"NA",NA,"NA","NA","NA","7570","43","3","NA","NA","NA","NA","NA",NA,"NA","NA",NA,"NA","NA","NA","NA","NA","NA","NA","NA","NA","NA","NA","NA","NA",NA,"NA","NA","NA","NA","NA","NA","NA","NA","NA","NA","115","80","NA","NA","87","77","NA","NA","NA","NA",NA,"NA","NA","NA","NA","NA","NA","NA","NA","NA","NA","NA","NA","NA","NA","NA","NA","NA","NA","NA","NA","NA","553","3982.193","3982.193","0","27.0799999999999"
"44","cfd0e334-1e57-4b32-95f8-1a2edc87f77a","2852","2","00:21:33.713","66","33","120","0.84","c(""a0fa6cdb-6273-4231-bedc-fcd912e83760"", ""e26cf001-4c31-45e9-95dc-8602116483be"")","c(100, 78)","TRUE","NA","30","Pass","768","England","4","From Throw In","768","England","NA","NULL","3664","Trent Alexander-Arnold","12","Right Midfield","8.602325","-2.5213432","c(93, 73)","NA","NA",NA,"NA","NA","NA","NA","NA","NA","NA","3504","Ruben Loftus-Cheek","1","Ground Pass","38","Left Foot","66","Recovery","NA",NA,"NA",NA,"NULL","NA",NA,"NA",NA,"NA",NA,"NA",NA,"NA","NULL",NA,"NULL","NA","NA","NA",NA,"NA",NA,"NA",NA,"NA",NA,"NULL","NA",NA,"NA",NA,"NA",NA,"NA",NA,"NA",NA,"NA","NA","NA","NA","NA",NA,"NA",NA,"NA",NA,"NA","NA","NA","NA","NA","NA","NA",NA,"NA",NA,"NA","NA","NA","7570","43","3","NA","NA","NA","NA","NA",NA,"NA","NA",NA,"NA","NA","NA","NA","NA","NA","NA","NA","NA","NA","NA","NA","NA",NA,"NA","NA","NA","NA","NA","NA","NA","NA","NA","NA","100","78","NA","NA","93","73","NA","NA","NA","NA",NA,"NA","NA","NA","NA","NA","NA","NA","NA","NA","NA","NA","NA","NA","NA","NA","NA","NA","NA","NA","NA","NA","713","4001.353","3982.193","19.1599999999999","7.92000000000007"
"45","1bc0ce63-5b5f-41f0-a57b-9d7e18cbe7cd","2944","2","00:23:25.313","68","25","122","0.92","3afd02c7-782c-4605-9ebb-2870f5e5d55c","c(38, 79)","NA","NA","30","Pass","768","England","4","From Throw In","768","England","NA","NULL","3664","Trent Alexander-Arnold","12","Right Midfield","8.062258","-2.0899425","c(34, 72)","NA","NA",NA,"NA","NA","NA","NA","NA","NA","NA","10956","Eric Dier","2","Low Pass","NA",NA,"67","Throw-in","NA",NA,"NA",NA,"NULL","NA",NA,"NA",NA,"NA",NA,"NA",NA,"NA","NULL",NA,"NULL","NA","NA","NA",NA,"NA",NA,"NA",NA,"NA",NA,"NULL","NA",NA,"NA",NA,"NA",NA,"NA",NA,"NA",NA,"NA","NA","NA","NA","NA",NA,"NA",NA,"NA",NA,"NA","NA","NA","NA","NA","NA","NA",NA,"NA",NA,"NA","NA","NA","7570","43","3","NA","NA","NA","NA","NA",NA,"NA","NA",NA,"NA","NA","NA","NA","NA","NA","NA","NA","NA","NA","NA","NA","NA",NA,"NA","NA","NA","NA","NA","NA","NA","NA","NA","NA","38","79","NA","NA","34","72","NA","NA","NA","NA",NA,"NA","NA","NA","NA","NA","NA","NA","NA","NA","NA","NA","NA","NA","NA","NA","NA","NA","NA","NA","NA","NA","313","4112.953","4112.953","0","102.799999999999"
"46","2398a35b-202f-4854-8746-01634142e71b","2951","2","00:23:28.473","68","28","122","0.959","c(""3488a03a-3278-4880-bdf4-81d55c9e2bbe"", ""e524bd2c-377f-40d9-a42e-ebb1e3f6c3a3"")","c(36, 80)","TRUE","NA","30","Pass","768","England","4","From Throw In","768","England","NA","NULL","3664","Trent Alexander-Arnold","12","Right Midfield","17.464249","-2.7291822","c(20, 73)","NA","NA",NA,"NA","NA","NA","NA","NA","NA","NA","3314","Phil Jones","1","Ground Pass","40","Right Foot","NA",NA,"NA",NA,"NA",NA,"NULL","NA",NA,"NA",NA,"NA",NA,"NA",NA,"NA","NULL",NA,"NULL","NA","NA","NA",NA,"NA",NA,"NA",NA,"NA",NA,"NULL","NA",NA,"NA",NA,"NA",NA,"NA",NA,"NA",NA,"NA","NA","NA","NA","NA",NA,"NA",NA,"NA",NA,"NA","NA","NA","NA","NA","NA","NA",NA,"NA",NA,"NA","NA","NA","7570","43","3","NA","NA","NA","NA","NA",NA,"NA","NA",NA,"NA","NA","NA","NA","NA","NA","NA","NA","NA","NA","NA","NA","NA",NA,"NA","NA","NA","NA","NA","NA","NA","NA","NA","NA","36","80","NA","NA","20","73","NA","NA","NA","NA",NA,"NA","NA","NA","NA","NA","NA","NA","NA","NA","NA","NA","NA","NA","NA","NA","NA","NA","NA","NA","NA","NA","473","4116.113","4112.953","3.15999999999985","99.6399999999994"
"47","e6c9b8d9-2bbf-4f9b-9a4d-ea14ac6a8e63","3038","2","00:24:48.153","69","48","122","2.16","8e883a21-6678-4c6b-9bcd-6d5740ba6a56","c(99, 55)","NA","NA","30","Pass","768","England","4","From Throw In","768","England","NA","NULL","3664","Trent Alexander-Arnold","12","Right Midfield","37.215588","-1.0349851","c(118, 23)","NA","NA",NA,"NA","NA","NA","NA","NA","NA","NA","3594","Danny Rose","3","High Pass","38","Left Foot","NA",NA,"NA",NA,"NA",NA,"NULL","NA",NA,"NA",NA,"NA",NA,"NA",NA,"NA","NULL",NA,"NULL","NA","NA","NA",NA,"NA",NA,"NA",NA,"NA",NA,"NULL","NA",NA,"NA",NA,"NA",NA,"NA",NA,"NA",NA,"NA","NA","NA","NA","NA",NA,"NA",NA,"NA",NA,"NA","NA","NA","NA","NA","NA","NA",NA,"NA",NA,"NA","NA","NA","7570","43","3","NA","NA","NA","NA","NA",NA,"NA","NA",NA,"NA","NA","NA","NA","NA","NA","NA","NA","NA","NA","NA","NA","NA",NA,"NA","NA","NA","NA","NA","NA","NA","NA","NA","NA","99","55","NA","NA","118","23","NA","NA","NA","NA",NA,"NA","NA","NA","NA","NA","NA","NA","NA","NA","NA","NA","NA","NA","NA","NA","NA","NA","NA","NA","NA","NA","153","4195.793","4112.953","82.8399999999992","19.96"
"48","61c436b7-b045-48b5-a2d9-54c777f8bfeb","3187","2","00:27:46.953","72","46","128","1.36","c(""3f0cc7f5-ab4f-48a8-8e3b-bb38a0bae7b8"", ""7fcd4973-5253-4d06-b37e-4c8a6af1a4e4"")","c(66, 79)","TRUE","NA","30","Pass","768","England","1","Regular Play","768","England","NA","NULL","3664","Trent Alexander-Arnold","12","Right Midfield","16.643316","-2.5702553","c(52, 70)","NA","NA",NA,"NA","NA","NA","NA","NA","NA","NA","3314","Phil Jones","1","Ground Pass","40","Right Foot","NA",NA,"NA",NA,"NA",NA,"NULL","NA",NA,"NA",NA,"NA",NA,"NA",NA,"NA","NULL",NA,"NULL","NA","NA","NA",NA,"NA",NA,"NA",NA,"NA",NA,"NULL","NA",NA,"NA",NA,"NA",NA,"NA",NA,"NA",NA,"NA","NA","NA","NA","NA",NA,"NA",NA,"NA",NA,"NA","NA","NA","NA","NA","NA","NA",NA,"NA",NA,"NA","NA","NA","7570","43","3","NA","NA","NA","NA","NA",NA,"NA","NA",NA,"NA","NA","NA","NA","NA","NA","NA","NA","NA","NA","NA","NA","NA",NA,"NA","NA","NA","NA","NA","NA","NA","NA","NA","NA","66","79","NA","NA","52","70","NA","NA","NA","NA",NA,"NA","NA","NA","NA","NA","NA","NA","NA","NA","NA","NA","NA","NA","NA","NA","NA","NA","NA","NA","NA","NA","953","4374.593","4369.353","5.23999999999978","76.2269999999999"
"49","4755ba60-e2cf-49cc-90ef-afe3691a8db6","3212","2","00:28:07.073","73","7","128","1.72","f74c8fa1-133b-4466-974b-5bdf0df50698","c(74, 78)","NA","NA","30","Pass","768","England","1","Regular Play","768","England","NA","NULL","3664","Trent Alexander-Arnold","12","Right Midfield","17.117243","-1.4536875","c(76, 61)","NA","NA",NA,"NA","NA","NA","NA","NA","NA","NA","10956","Eric Dier","1","Ground Pass","40","Right Foot","NA",NA,"NA",NA,"NA",NA,"NULL","NA",NA,"NA",NA,"NA",NA,"NA",NA,"NA","NULL",NA,"NULL","NA","NA","NA",NA,"NA",NA,"NA",NA,"NA",NA,"NULL","NA",NA,"NA",NA,"NA",NA,"NA",NA,"NA",NA,"NA","NA","NA","NA","NA",NA,"NA",NA,"NA",NA,"NA","NA","NA","NA","NA","NA","NA",NA,"NA",NA,"NA","NA","NA","7570","43","3","NA","NA","NA","NA","NA",NA,"NA","NA",NA,"NA","NA","NA","NA","NA","NA","NA","NA","NA","NA","NA","NA","NA",NA,"NA","NA","NA","NA","NA","NA","NA","NA","NA","NA","74","78","NA","NA","76","61","NA","NA","NA","NA",NA,"NA","NA","NA","NA","NA","NA","NA","NA","NA","NA","NA","NA","NA","NA","NA","NA","NA","NA","NA","NA","NA","73","4394.713","4369.353","25.3599999999997","56.107"
"50","a29bae73-4ccc-4cf1-9340-58af126601ea","3249","2","00:30:29.033","75","29","130","2.08","9ac7c085-e675-4efb-86dc-d24e19b96c5e","c(94, 14)","NA","NA","30","Pass","768","England","3","From Free Kick","768","England","NA","NULL","3664","Trent Alexander-Arnold","12","Right Midfield","46.957428","1.1071488","c(115, 56)","TRUE","TRUE",NA,"NA","NA","NA","NA","NA","NA","NA","3336","Harry Maguire","3","High Pass","40","Right Foot","62","Free Kick","NA",NA,"NA",NA,"NULL","NA",NA,"NA",NA,"NA",NA,"NA",NA,"NA","NULL",NA,"NULL","NA","NA","NA",NA,"NA",NA,"NA",NA,"NA",NA,"NULL","NA",NA,"NA",NA,"NA",NA,"NA",NA,"NA",NA,"NA","NA","NA","NA","NA",NA,"NA",NA,"NA",NA,"NA","NA","NA","NA","NA","NA","NA",NA,"NA",NA,"NA","NA","NA","7570","43","3","NA","NA","NA","NA","NA",NA,"NA","NA",NA,"NA","NA","NA","NA","NA","NA","NA","NA","NA","NA","NA","NA","NA",NA,"NA","NA","NA","NA","NA","NA","NA","NA","NA","NA","94","14","NA","NA","115","56","NA","NA","NA","NA",NA,"NA","NA","NA","NA","NA","NA","NA","NA","NA","NA","NA","NA","NA","NA","NA","NA","NA","NA","NA","NA","NA","33","4536.673","4536.673","0","2.07999999999993"
"51","c5c4afdb-2058-48aa-a92c-12c7d564ced6","3332","2","00:32:31.473","77","31","135","0.92","0720a3ee-3d3a-4c80-86d2-64170d10d5c0","c(29, 72)","NA","NA","30","Pass","768","England","1","Regular Play","768","England","NA","NULL","3664","Trent Alexander-Arnold","12","Right Midfield","12.083046","-0.4266275","c(40, 67)","NA","NA",NA,"NA","NA","NA","NA","NA","NA","NA","10956","Eric Dier","1","Ground Pass","40","Right Foot","NA",NA,"NA",NA,"NA",NA,"NULL","NA",NA,"NA",NA,"NA",NA,"NA",NA,"NA","NULL",NA,"NULL","NA","NA","NA",NA,"NA",NA,"NA",NA,"NA",NA,"NULL","NA",NA,"NA",NA,"NA",NA,"NA",NA,"NA",NA,"NA","NA","NA","NA","NA",NA,"NA",NA,"NA",NA,"NA","NA","NA","NA","NA","NA","NA",NA,"NA",NA,"NA","NA","NA","7570","43","3","NA","NA","NA","NA","NA",NA,"NA","NA",NA,"NA","NA","NA","NA","NA","NA","NA","NA","NA","NA","NA","NA","NA",NA,"NA","NA","NA","NA","NA","NA","NA","NA","NA","NA","29","72","NA","NA","40","67","NA","NA","NA","NA",NA,"NA","NA","NA","NA","NA","NA","NA","NA","NA","NA","NA","NA","NA","NA","NA","NA","NA","NA","NA","NA","NA","473","4659.113","4658.073","1.03999999999996","26.6399999999994"
"52","0814dffd-03ad-4dc2-9e9b-c9d38758dceb","3338","2","00:32:36.635","77","36","135","0.678","025282a7-1140-4486-9f18-7c02364c377f","c(35, 70)","NA","NA","30","Pass","768","England","1","Regular Play","768","England","NA","NULL","3664","Trent Alexander-Arnold","12","Right Midfield","11.661903","-1.0303768","c(41, 60)","NA","NA",NA,"NA","NA","NA","NA","NA","NA","NA","10956","Eric Dier","1","Ground Pass","40","Right Foot","NA",NA,"NA",NA,"NA",NA,"NULL","NA",NA,"NA",NA,"NA",NA,"NA",NA,"NA","NULL",NA,"NULL","NA","NA","NA",NA,"NA",NA,"NA",NA,"NA",NA,"NULL","NA",NA,"NA",NA,"NA",NA,"NA",NA,"NA",NA,"NA","NA","NA","NA","NA",NA,"NA",NA,"NA",NA,"NA","NA","NA","NA","NA","NA","NA",NA,"NA",NA,"NA","NA","NA","7570","43","3","NA","NA","NA","NA","NA",NA,"NA","NA",NA,"NA","NA","NA","NA","NA","NA","NA","NA","NA","NA","NA","NA","NA",NA,"NA","NA","NA","NA","NA","NA","NA","NA","NA","NA","35","70","NA","NA","41","60","NA","NA","NA","NA",NA,"NA","NA","NA","NA","NA","NA","NA","NA","NA","NA","NA","NA","NA","NA","NA","NA","NA","NA","NA","NA","NA","635","4664.275","4658.073","6.20199999999932","21.4780000000001"
